<code_scheme name="Default (1)" version="173">
  <option name="RIGHT_MARGIN" value="160" />
  <Objective-C>
    <option name="SPACE_BEFORE_PROPERTY_ATTRIBUTES_PARENTHESES" value="true" />
    <option name="SPACE_BEFORE_PROTOCOLS_BRACKETS" value="false" />
    <option name="INTRODUCE_CONST_VARS" value="true" />
  </Objective-C>
  <SwiftCodeStyleSettings>
    <option name="SPACE_BEFORE_SUPERCLASS_COLON" value="true" />
  </SwiftCodeStyleSettings>
  <codeStyleSettings language="ObjectiveC">
    <indentOptions>
      <option name="KEEP_INDENTS_ON_EMPTY_LINES" value="true" />
    </indentOptions>
  </codeStyleSettings>
  <codeStyleSettings language="Swift">
    <option name="KEEP_BLANK_LINES_IN_DECLARATIONS" value="1" />
    <option name="KEEP_BLANK_LINES_IN_CODE" value="1" />
    <option name="KEEP_BLANK_LINES_BEFORE_RBRACE" value="0" />
    <option name="BLANK_LINES_AROUND_METHOD" value="0" />
    <option name="KEEP_SIMPLE_BLOCKS_IN_ONE_LINE" value="true" />
    <indentOptions>
      <option name="KEEP_INDENTS_ON_EMPTY_LINES" value="true" />
    </indentOptions>
  </codeStyleSettings>
</code_scheme>