<code_scheme name="Default" version="173">
  <option name="RIGHT_MARGIN" value="180" />
  <Objective-C-extensions>
    <extensions>
      <pair source="cpp" header="h" fileNamingConvention="LOWERCASE" />
      <pair source="c" header="h" fileNamingConvention="LOWERCASE" />
      <pair source="cu" header="cuh" fileNamingConvention="LOWERCASE" />
    </extensions>
    <rules>
      <rule entity="NAMESPACE" visibility="ANY" specifier="ANY" prefix="" style="CAMEL_CASE" suffix="" />
      <rule entity="MACRO" visibility="ANY" specifier="ANY" prefix="" style="SCREAMING_SNAKE_CASE" suffix="" />
      <rule entity="CLASS" visibility="ANY" specifier="ANY" prefix="" style="CAMEL_CASE" suffix="" />
      <rule entity="STRUCT" visibility="ANY" specifier="ANY" prefix="" style="CAMEL_CASE" suffix="" />
      <rule entity="ENUM" visibility="ANY" specifier="ANY" prefix="" style="CAMEL_CASE" suffix="" />
      <rule entity="ENUMERATOR" visibility="ANY" specifier="ANY" prefix="" style="PASCAL_CASE" suffix="" />
      <rule entity="TYPEDEF" visibility="ANY" specifier="ANY" prefix="" style="CAMEL_CASE" suffix="" />
      <rule entity="UNION" visibility="ANY" specifier="ANY" prefix="" style="CAMEL_CASE" suffix="" />
      <rule entity="CLASS_MEMBER_FUNCTION" visibility="ANY" specifier="ANY" prefix="" style="CAMEL_CASE" suffix="" />
      <rule entity="STRUCT_MEMBER_FUNCTION" visibility="ANY" specifier="ANY" prefix="" style="CAMEL_CASE" suffix="" />
      <rule entity="CLASS_MEMBER_FIELD" visibility="ANY" specifier="ANY" prefix="m" style="CAMEL_CASE" suffix="" />
      <rule entity="STRUCT_MEMBER_FIELD" visibility="ANY" specifier="ANY" prefix="" style="CAMEL_CASE" suffix="" />
      <rule entity="GLOBAL_FUNCTION" visibility="ANY" specifier="ANY" prefix="" style="CAMEL_CASE" suffix="" />
      <rule entity="GLOBAL_VARIABLE" visibility="ANY" specifier="ANY" prefix="" style="CAMEL_CASE" suffix="" />
      <rule entity="PARAMETER" visibility="ANY" specifier="ANY" prefix="" style="CAMEL_CASE" suffix="" />
      <rule entity="LOCAL_VARIABLE" visibility="ANY" specifier="ANY" prefix="" style="CAMEL_CASE" suffix="" />
    </rules>
  </Objective-C-extensions>
  <codeStyleSettings language="JSON">
    <indentOptions>
      <option name="INDENT_SIZE" value="4" />
    </indentOptions>
  </codeStyleSettings>
  <codeStyleSettings language="ObjectiveC">
    <option name="BLANK_LINES_AROUND_METHOD_IN_INTERFACE" value="0" />
  </codeStyleSettings>
</code_scheme>