<keymap version="1" name="kai_keymaps" parent="Mac OS X">
  <action id="$Cut">
    <keyboard-shortcut first-keystroke="meta x" />
  </action>
  <action id="$Delete">
    <keyboard-shortcut first-keystroke="delete" />
  </action>
  <action id="$Redo">
    <keyboard-shortcut first-keystroke="shift meta z" />
  </action>
  <action id="ActivateAndroidMonitorToolWindow">
    <keyboard-shortcut first-keystroke="meta 4" />
  </action>
  <action id="ActivateChangesToolWindow">
    <keyboard-shortcut first-keystroke="meta 5" />
  </action>
  <action id="ActivateCheckStyleToolWindow">
    <keyboard-shortcut first-keystroke="meta 6" />
  </action>
  <action id="ActivateDebugToolWindow">
    <keyboard-shortcut first-keystroke="meta 8" />
  </action>
  <action id="ActivateFavoritesToolWindow" />
  <action id="ActivateFindToolWindow" />
  <action id="ActivateHierarchyToolWindow" />
  <action id="ActivateLogcatToolWindow">
    <keyboard-shortcut first-keystroke="meta 4" />
  </action>
  <action id="ActivatePreviewToolWindow">
    <keyboard-shortcut first-keystroke="meta 2" />
  </action>
  <action id="ActivateProblemsViewToolWindow" />
  <action id="ActivateRunToolWindow">
    <keyboard-shortcut first-keystroke="meta 7" />
  </action>
  <action id="ActivateServicesToolWindow" />
  <action id="ActivateStructureToolWindow" />
  <action id="ActivateTODOToolWindow" />
  <action id="ActivateTerminalToolWindow">
    <keyboard-shortcut first-keystroke="meta 3" />
  </action>
  <action id="ActivateVersionControlToolWindow">
    <keyboard-shortcut first-keystroke="meta 5" />
  </action>
  <action id="Android.AndroidProfiler">
    <keyboard-shortcut first-keystroke="meta 6" />
  </action>
  <action id="ChangeSignature">
    <keyboard-shortcut first-keystroke="meta alt r" second-keystroke="m" />
  </action>
  <action id="CheckStyleModifiedFilesAction">
    <keyboard-shortcut first-keystroke="ctrl meta c" />
  </action>
  <action id="CheckinProject" />
  <action id="ChooseDebugConfiguration">
    <keyboard-shortcut first-keystroke="shift meta f10" />
  </action>
  <action id="ChooseRunConfiguration">
    <keyboard-shortcut first-keystroke="meta f10" />
  </action>
  <action id="CloneElement" />
  <action id="CloseAllEditorsButActive">
    <keyboard-shortcut first-keystroke="shift meta w" />
  </action>
  <action id="CloseContent">
    <keyboard-shortcut first-keystroke="meta w" />
  </action>
  <action id="CodeCompletion">
    <keyboard-shortcut first-keystroke="alt slash" />
  </action>
  <action id="CollapseSelection" />
  <action id="CommentByBlockComment">
    <keyboard-shortcut first-keystroke="shift meta divide" />
  </action>
  <action id="CommentByLineComment">
    <keyboard-shortcut first-keystroke="meta slash" />
  </action>
  <action id="Compare.SameVersion">
    <keyboard-shortcut first-keystroke="shift meta d" />
  </action>
  <action id="CompareDirs" />
  <action id="CompareJars" />
  <action id="CompareTwoFiles" />
  <action id="Console.Jpa.GenerateSql" />
  <action id="Console.TableResult.NextPage" />
  <action id="Console.TableResult.Reload" />
  <action id="CopyElement" />
  <action id="CopyPaths">
    <keyboard-shortcut first-keystroke="shift meta alt c" />
  </action>
  <action id="CopyReference">
    <keyboard-shortcut first-keystroke="shift meta c" />
  </action>
  <action id="Debug">
    <keyboard-shortcut first-keystroke="shift meta f11" />
  </action>
  <action id="Diff.UpdatedFiles" />
  <action id="DomElementsTreeView.DeleteElement">
    <keyboard-shortcut first-keystroke="delete" />
    <keyboard-shortcut first-keystroke="back_space" />
  </action>
  <action id="DuplicatesForm.SendToRight" />
  <action id="EditSource">
    <keyboard-shortcut first-keystroke="f3" />
  </action>
  <action id="Editor Cut" />
  <action id="Editor Redo" />
  <action id="EditorChooseLookupItemCompleteStatement" />
  <action id="EditorCompleteStatement">
    <keyboard-shortcut first-keystroke="shift ctrl enter" />
  </action>
  <action id="EditorDelete">
    <keyboard-shortcut first-keystroke="delete" />
  </action>
  <action id="EditorDeleteLine">
    <keyboard-shortcut first-keystroke="meta d" />
  </action>
  <action id="EditorDeleteToLineEnd">
    <keyboard-shortcut first-keystroke="ctrl k" />
  </action>
  <action id="EditorDeleteToLineStart">
    <keyboard-shortcut first-keystroke="meta back_space" />
  </action>
  <action id="EditorDuplicate" />
  <action id="EditorDuplicateLines">
    <keyboard-shortcut first-keystroke="meta alt down" />
  </action>
  <action id="EditorMatchBrace">
    <keyboard-shortcut first-keystroke="shift meta p" />
  </action>
  <action id="EditorSelectWord">
    <keyboard-shortcut first-keystroke="shift ctrl right" />
  </action>
  <action id="EditorStartNewLineBefore">
    <keyboard-shortcut first-keystroke="shift meta enter" />
  </action>
  <action id="EditorUnSelectWord">
    <keyboard-shortcut first-keystroke="shift ctrl left" />
  </action>
  <action id="FileChooser.GotoModule" />
  <action id="FileChooser.GotoProject" />
  <action id="FileStructurePopup">
    <keyboard-shortcut first-keystroke="meta o" />
  </action>
  <action id="Find">
    <keyboard-shortcut first-keystroke="meta f" />
  </action>
  <action id="FindInPath">
    <keyboard-shortcut first-keystroke="meta alt f" />
  </action>
  <action id="FindNext">
    <keyboard-shortcut first-keystroke="meta g" />
  </action>
  <action id="FindPrevious">
    <keyboard-shortcut first-keystroke="shift meta g" />
  </action>
  <action id="FindWordAtCaret">
    <keyboard-shortcut first-keystroke="meta k" />
  </action>
  <action id="FixDocComment">
    <keyboard-shortcut first-keystroke="meta alt j" />
  </action>
  <action id="ForceStepInto" />
  <action id="ForceStepOver" />
  <action id="Generate">
    <keyboard-shortcut first-keystroke="meta alt s" second-keystroke="g" />
  </action>
  <action id="Git.New.Branch.In.Log" />
  <action id="GitNewBranchAction" />
  <action id="GotoClass">
    <keyboard-shortcut first-keystroke="shift meta t" />
  </action>
  <action id="GotoFile">
    <keyboard-shortcut first-keystroke="shift meta r" />
  </action>
  <action id="GotoLine">
    <keyboard-shortcut first-keystroke="meta l" />
  </action>
  <action id="GotoNextError">
    <keyboard-shortcut first-keystroke="meta period" />
  </action>
  <action id="GotoPreviousError" />
  <action id="GotoSymbol">
    <keyboard-shortcut first-keystroke="shift meta alt t" />
  </action>
  <action id="GotoTest" />
  <action id="GuiDesigner.CreateListener">
    <keyboard-shortcut first-keystroke="meta alt s" second-keystroke="o" />
  </action>
  <action id="GuiDesigner.Duplicate" />
  <action id="HideAllWindows">
    <keyboard-shortcut first-keystroke="meta f12" />
  </action>
  <action id="HippieBackwardCompletion" />
  <action id="HippieCompletion" />
  <action id="Images.ShowThumbnails" />
  <action id="ImplementMethods" />
  <action id="Inline" />
  <action id="InsertLiveTemplate">
    <keyboard-shortcut first-keystroke="shift meta i" />
  </action>
  <action id="IntroduceConstant">
    <keyboard-shortcut first-keystroke="meta alt r" second-keystroke="c" />
  </action>
  <action id="IntroduceField">
    <keyboard-shortcut first-keystroke="meta alt r" second-keystroke="f" />
  </action>
  <action id="IntroduceVariable">
    <keyboard-shortcut first-keystroke="meta alt r" second-keystroke="l" />
  </action>
  <action id="Jdbc.OpenConsole" />
  <action id="Jdbc.RunSqlScript" />
  <action id="Jpa.OpenConsole" />
  <action id="JumpToLastChange">
    <keyboard-shortcut first-keystroke="ctrl q" />
  </action>
  <action id="JumpToLastWindow">
    <keyboard-shortcut first-keystroke="shift meta f12" />
  </action>
  <action id="MethodDown">
    <keyboard-shortcut first-keystroke="ctrl alt down" />
  </action>
  <action id="MethodHierarchy.ImplementMethodAction" />
  <action id="MethodHierarchy.OverrideMethodAction">
    <keyboard-shortcut first-keystroke="meta alt s" second-keystroke="o" />
  </action>
  <action id="MethodUp">
    <keyboard-shortcut first-keystroke="ctrl alt up" />
  </action>
  <action id="Move" />
  <action id="MoveLineDown">
    <keyboard-shortcut first-keystroke="alt down" />
  </action>
  <action id="MoveLineUp">
    <keyboard-shortcut first-keystroke="alt up" />
  </action>
  <action id="MoveStatementDown">
    <keyboard-shortcut first-keystroke="shift alt down" />
  </action>
  <action id="MoveStatementUp">
    <keyboard-shortcut first-keystroke="shift alt up" />
  </action>
  <action id="NewElement">
    <keyboard-shortcut first-keystroke="meta alt n" />
  </action>
  <action id="NextDiff" />
  <action id="NextEditorTab" />
  <action id="NextOccurence" />
  <action id="NextTab">
    <keyboard-shortcut first-keystroke="ctrl page_down" />
  </action>
  <action id="OptimizeImports">
    <keyboard-shortcut first-keystroke="shift meta o" />
  </action>
  <action id="OverrideMethods">
    <keyboard-shortcut first-keystroke="meta alt s" second-keystroke="o" />
  </action>
  <action id="PreviousEditorTab" />
  <action id="PreviousTab">
    <keyboard-shortcut first-keystroke="ctrl page_up" />
  </action>
  <action id="QuickImplementations">
    <keyboard-shortcut first-keystroke="meta i" />
  </action>
  <action id="QuickJavaDoc">
    <mouse-shortcut keystroke="control button2" />
    <keyboard-shortcut first-keystroke="meta j" />
  </action>
  <action id="Refactorings.QuickListPopupAction">
    <keyboard-shortcut first-keystroke="meta alt r" second-keystroke="t" />
  </action>
  <action id="ReformatCode">
    <keyboard-shortcut first-keystroke="shift meta f" />
  </action>
  <action id="Refresh" />
  <action id="RenameElement">
    <keyboard-shortcut first-keystroke="meta alt r" second-keystroke="r" />
  </action>
  <action id="ReplaceInPath">
    <keyboard-shortcut first-keystroke="meta alt r" second-keystroke="p" />
  </action>
  <action id="Run">
    <keyboard-shortcut first-keystroke="meta f11" />
  </action>
  <action id="RunTargetAction" />
  <action id="RunToCursor" />
  <action id="SmartStepInto">
    <keyboard-shortcut first-keystroke="shift f5" />
  </action>
  <action id="SmartTypeCompletion">
    <keyboard-shortcut first-keystroke="ctrl space" />
  </action>
  <action id="SurroundWithLiveTemplate" />
  <action id="SwitchApply">
    <keyboard-shortcut first-keystroke="ctrl alt enter" />
  </action>
  <action id="SwitchDown">
    <keyboard-shortcut first-keystroke="ctrl alt down" />
  </action>
  <action id="SwitchLeft">
    <keyboard-shortcut first-keystroke="ctrl alt left" />
  </action>
  <action id="SwitchRight">
    <keyboard-shortcut first-keystroke="ctrl alt right" />
  </action>
  <action id="SwitchUp">
    <keyboard-shortcut first-keystroke="ctrl alt up" />
  </action>
  <action id="ToggleBookmarkWithMnemonic" />
  <action id="TypeHierarchy">
    <keyboard-shortcut first-keystroke="meta t" />
  </action>
  <action id="UsageView.Exclude">
    <keyboard-shortcut first-keystroke="delete" />
    <keyboard-shortcut first-keystroke="back_space" />
  </action>
  <action id="Vcs.UpdateProject" />
  <action id="android.deploy.ApplyChanges">
    <keyboard-shortcut first-keystroke="ctrl meta e" />
  </action>
  <action id="android.deploy.CodeSwap">
    <keyboard-shortcut first-keystroke="shift ctrl meta e" />
  </action>
</keymap>