<keymap version="1" name="Default copy" parent="Mac OS X 10.5+">
  <action id="ActivateChangesToolWindow">
    <keyboard-shortcut first-keystroke="meta 5" />
  </action>
  <action id="ActivateDebugToolWindow">
    <keyboard-shortcut first-keystroke="meta 8" />
  </action>
  <action id="ActivateFavoritesToolWindow" />
  <action id="ActivateFindToolWindow" />
  <action id="ActivateHierarchyToolWindow" />
  <action id="ActivateRunToolWindow">
    <keyboard-shortcut first-keystroke="meta 7" />
  </action>
  <action id="ActivateServicesToolWindow" />
  <action id="ActivateStructureToolWindow">
    <keyboard-shortcut first-keystroke="meta 2" />
  </action>
  <action id="ActivateTerminalToolWindow">
    <keyboard-shortcut first-keystroke="meta 3" />
  </action>
  <action id="ActivateVersionControlToolWindow">
    <keyboard-shortcut first-keystroke="meta 5" />
  </action>
  <action id="Arrangement.Alias.Rule.Add" />
  <action id="Arrangement.Rule.Add" />
  <action id="BookmarksView.Create" />
  <action id="ChangeSignature">
    <keyboard-shortcut first-keystroke="meta alt r" second-keystroke="m" />
  </action>
  <action id="CheckinProject" />
  <action id="ChooseDebugConfiguration">
    <keyboard-shortcut first-keystroke="shift meta f10" />
  </action>
  <action id="ChooseRunConfiguration">
    <keyboard-shortcut first-keystroke="meta f10" />
  </action>
  <action id="CloseAllEditorsButActive">
    <keyboard-shortcut first-keystroke="shift meta w" />
  </action>
  <action id="CollapseSelection" />
  <action id="Compare.SameVersion">
    <keyboard-shortcut first-keystroke="shift meta d" />
  </action>
  <action id="CompareDirs" />
  <action id="CompareJars" />
  <action id="CompareTwoFiles" />
  <action id="Console.Jpa.GenerateSql" />
  <action id="Console.TableResult.NextPage" />
  <action id="CopyElement" />
  <action id="Debug">
    <keyboard-shortcut first-keystroke="shift meta f11" />
  </action>
  <action id="Diff.UpdatedFiles" />
  <action id="DuplicatesForm.SendToRight" />
  <action id="EditSource">
    <keyboard-shortcut first-keystroke="f3" />
  </action>
  <action id="EditorChooseLookupItemCompleteStatement" />
  <action id="EditorCompleteStatement" />
  <action id="EditorDeleteLine">
    <keyboard-shortcut first-keystroke="meta back_space" />
    <keyboard-shortcut first-keystroke="meta d" />
  </action>
  <action id="EditorDuplicate" />
  <action id="EditorDuplicateLines">
    <keyboard-shortcut first-keystroke="meta alt down" />
  </action>
  <action id="EditorSelectWord">
    <keyboard-shortcut first-keystroke="shift alt down" />
  </action>
  <action id="EditorStartNewLineBefore">
    <keyboard-shortcut first-keystroke="shift meta enter" />
  </action>
  <action id="EditorUnSelectWord">
    <keyboard-shortcut first-keystroke="shift alt up" />
  </action>
  <action id="FileChooser.GotoModule" />
  <action id="FileChooser.GotoProject" />
  <action id="FileStructurePopup">
    <keyboard-shortcut first-keystroke="meta o" />
  </action>
  <action id="FindInPath">
    <keyboard-shortcut first-keystroke="meta alt f" />
  </action>
  <action id="FindWordAtCaret">
    <keyboard-shortcut first-keystroke="meta k" />
  </action>
  <action id="Generate">
    <keyboard-shortcut first-keystroke="meta alt s" second-keystroke="g" />
  </action>
  <action id="Git.New.Branch.In.Log" />
  <action id="GitNewBranchAction" />
  <action id="GotoClass">
    <keyboard-shortcut first-keystroke="shift meta t" />
  </action>
  <action id="GotoFile">
    <keyboard-shortcut first-keystroke="shift meta r" />
  </action>
  <action id="GotoNextError">
    <keyboard-shortcut first-keystroke="meta period" />
  </action>
  <action id="GotoSymbol">
    <keyboard-shortcut first-keystroke="shift meta alt t" />
  </action>
  <action id="GotoTest" />
  <action id="Images.ShowThumbnails" />
  <action id="Inline" />
  <action id="InsertLiveTemplate">
    <keyboard-shortcut first-keystroke="shift meta i" />
  </action>
  <action id="IntroduceConstant">
    <keyboard-shortcut first-keystroke="meta alt r" second-keystroke="c" />
  </action>
  <action id="IntroduceField">
    <keyboard-shortcut first-keystroke="meta alt r" second-keystroke="f" />
  </action>
  <action id="IntroduceVariable">
    <keyboard-shortcut first-keystroke="meta alt r" second-keystroke="l" />
  </action>
  <action id="Jdbc.OpenConsole" />
  <action id="Jdbc.RunSqlScript" />
  <action id="Jpa.OpenConsole" />
  <action id="JumpToLastChange">
    <keyboard-shortcut first-keystroke="ctrl q" />
  </action>
  <action id="Move" />
  <action id="MoveLineDown">
    <keyboard-shortcut first-keystroke="alt down" />
  </action>
  <action id="MoveLineUp">
    <keyboard-shortcut first-keystroke="alt up" />
  </action>
  <action id="NewElement">
    <keyboard-shortcut first-keystroke="meta alt n" />
  </action>
  <action id="NextDiff" />
  <action id="NextOccurence" />
  <action id="OCIntroduceDefine" />
  <action id="OCIntroduceIvar">
    <keyboard-shortcut first-keystroke="meta alt r" second-keystroke="f" />
  </action>
  <action id="OCIntroduceProperty">
    <keyboard-shortcut first-keystroke="meta alt r" second-keystroke="e" />
  </action>
  <action id="OCIntroduceVariable">
    <keyboard-shortcut first-keystroke="meta alt r" second-keystroke="l" />
  </action>
  <action id="OverrideMethods">
    <keyboard-shortcut first-keystroke="meta alt s" second-keystroke="o" />
  </action>
  <action id="Pause">
    <keyboard-shortcut first-keystroke="f9" />
  </action>
  <action id="QuickImplementations">
    <keyboard-shortcut first-keystroke="meta i" />
  </action>
  <action id="QuickJavaDoc">
    <mouse-shortcut keystroke="control button2" />
    <keyboard-shortcut first-keystroke="meta j" />
  </action>
  <action id="ReformatCode">
    <keyboard-shortcut first-keystroke="shift meta f" />
  </action>
  <action id="RenameElement">
    <keyboard-shortcut first-keystroke="meta alt r" second-keystroke="r" />
  </action>
  <action id="ReplaceInPath">
    <keyboard-shortcut first-keystroke="meta alt r" second-keystroke="p" />
  </action>
  <action id="Resume" />
  <action id="Run">
    <keyboard-shortcut first-keystroke="meta f11" />
  </action>
  <action id="SwitchApply">
    <keyboard-shortcut first-keystroke="ctrl alt enter" />
  </action>
  <action id="SwitchDown">
    <keyboard-shortcut first-keystroke="ctrl alt down" />
  </action>
  <action id="SwitchLeft">
    <keyboard-shortcut first-keystroke="ctrl alt left" />
  </action>
  <action id="SwitchRight">
    <keyboard-shortcut first-keystroke="ctrl alt right" />
  </action>
  <action id="SwitchUp">
    <keyboard-shortcut first-keystroke="ctrl alt up" />
  </action>
  <action id="ToggleBookmark" />
  <action id="TypeHierarchy">
    <keyboard-shortcut first-keystroke="meta t" />
  </action>
  <action id="Vcs.UpdateProject" />
</keymap>