{"\u70ed\u95e8":[{"ename":"China","cname":"\u4e2d\u56fd","domain":"CN","code":86,"zone":0},{"ename":"Hongkong","cname":"\u9999\u6e2f(\u4e2d\u56fd)","domain":"HK","code":852,"zone":0},{"ename":"Macao","cname":"\u6fb3\u95e8(\u4e2d\u56fd)","domain":"MO","code":853,"zone":0},{"ename":"Taiwan","cname":"\u53f0\u6e7e(\u4e2d\u56fd)","domain":"TW","code":886,"zone":0},{"ename":"Singapore","cname":"\u65b0\u52a0\u5761","domain":"SG","code":65,"zone":0.3},{"ename":"Australia","cname":"\u6fb3\u5927\u5229\u4e9a","domain":"AU","code":61,"zone":2},{"ename":"NewZealand","cname":"\u65b0\u897f\u5170","domain":"NZ","code":64,"zone":4},{"ename":"Japan","cname":"\u65e5\u672c","domain":"JP","code":81,"zone":1},{"ename":"Korea","cname":"\u97e9\u56fd","domain":"KR","code":82,"zone":1}],"A":[{"ename":"Angola","cname":"\u5b89\u54e5\u62c9","domain":"AO","code":244,"zone":-7},{"ename":"Afghanistan","cname":"\u963f\u5bcc\u6c57","domain":"AF","code":93,"zone":0},{"ename":"United Arab Emirates","cname":"\u963f\u62c9\u4f2f\u8054\u5408\u914b\u957f\u56fd","domain":"AE","code":971,"zone":-4},{"ename":"Albania","cname":"\u963f\u5c14\u5df4\u5c3c\u4e9a","domain":"AL","code":355,"zone":-7},{"ename":"Algeria","cname":"\u963f\u5c14\u53ca\u5229\u4e9a","domain":"DZ","code":213,"zone":-8},{"ename":"Andorra","cname":"\u5b89\u9053\u5c14\u5171\u548c\u56fd","domain":"AD","code":376,"zone":-8},{"ename":"Egypt","cname":"\u57c3\u53ca","domain":"EG","code":20,"zone":-6},{"ename":"Estonia","cname":"\u7231\u6c99\u5c3c\u4e9a","domain":"EE","code":372,"zone":-5},{"ename":"Ireland","cname":"\u7231\u5c14\u5170","domain":"IE","code":353,"zone":-4.3},{"ename":"Ethiopia","cname":"\u57c3\u585e\u4fc4\u6bd4\u4e9a","domain":"ET","code":251,"zone":-5},{"ename":"Anguilla","cname":"\u5b89\u572d\u62c9\u5c9b","domain":"AI","code":1264,"zone":-12},{"ename":"Antigua and Barbuda","cname":"\u5b89\u63d0\u74dc\u548c\u5df4\u5e03\u8fbe","domain":"AG","code":1268,"zone":-12},{"ename":"Macao","cname":"\u6fb3\u95e8","domain":"MO","code":853,"zone":0},{"ename":"Argentina","cname":"\u963f\u6839\u5ef7","domain":"AR","code":54,"zone":-11},{"ename":"Ascension","cname":"\u963f\u68ee\u677e","domain":"\u3000","code":247,"zone":-8},{"ename":"Australia","cname":"\u6fb3\u5927\u5229\u4e9a","domain":"AU","code":61,"zone":2},{"ename":"Austria","cname":"\u5965\u5730\u5229","domain":"AT","code":43,"zone":-7},{"ename":"Azerbaijan","cname":"\u963f\u585e\u62dc\u7586","domain":"AZ","code":994,"zone":-5},{"ename":"Oman","cname":"\u963f\u66fc","domain":"OM","code":968,"zone":-4}],"B":[{"ename":"Bahamas","cname":"\u5df4\u54c8\u9a6c","domain":"BS","code":1242,"zone":-13},{"ename":"Bahrain","cname":"\u5df4\u6797","domain":"BH","code":973,"zone":-5},{"ename":"Barbados","cname":"\u5df4\u5df4\u591a\u65af","domain":"BB","code":1246,"zone":-12},{"ename":"Pakistan","cname":"\u5df4\u57fa\u65af\u5766","domain":"PK","code":92,"zone":-2.3},{"ename":"Panama","cname":"\u5df4\u62ff\u9a6c","domain":"PA","code":507,"zone":-13},{"ename":"Papua New Cuinea","cname":"\u5df4\u5e03\u4e9a\u65b0\u51e0\u5185\u4e9a","domain":"PG","code":675,"zone":2},{"ename":"Paraguay","cname":"\u5df4\u62c9\u572d","domain":"PY","code":595,"zone":-12},{"ename":"Belarus","cname":"\u767d\u4fc4\u7f57\u65af","domain":"BY","code":375,"zone":-6},{"ename":"Belgium","cname":"\u6bd4\u5229\u65f6","domain":"BE","code":32,"zone":-7},{"ename":"Belize","cname":"\u4f2f\u5229\u5179","domain":"BZ","code":501,"zone":-14},{"ename":"Poland","cname":"\u6ce2\u5170","domain":"PL","code":48,"zone":-7},{"ename":"PuertoRico","cname":"\u6ce2\u591a\u9ece\u5404","domain":"PR","code":1787,"zone":-12},{"ename":"Benin","cname":"\u8d1d\u5b81","domain":"BJ","code":229,"zone":-7},{"ename":"BermudaIs.","cname":"\u767e\u6155\u5927\u7fa4\u5c9b","domain":"BM","code":1441,"zone":-12},{"ename":"Bolivia","cname":"\u73bb\u5229\u7ef4\u4e9a","domain":"BO","code":591,"zone":-12},{"ename":"Botswana","cname":"\u535a\u8328\u74e6\u7eb3","domain":"BW","code":267,"zone":-6},{"ename":"Iceland","cname":"\u51b0\u5c9b","domain":"IS","code":354,"zone":-9},{"ename":"Brazil","cname":"\u5df4\u897f","domain":"BR","code":55,"zone":-11},{"ename":"Bulgaria","cname":"\u4fdd\u52a0\u5229\u4e9a","domain":"BG","code":359,"zone":-6},{"ename":"Burkina-faso","cname":"\u5e03\u57fa\u7eb3\u6cd5\u7d22","domain":"BF","code":226,"zone":-8},{"ename":"Burundi","cname":"\u5e03\u9686\u8fea","domain":"BI","code":257,"zone":-6}],"C":[{"ename":"North Korea","cname":"\u671d\u9c9c","domain":"KP","code":850,"zone":1}],"D":[{"ename":"Denmark","cname":"\u4e39\u9ea6","domain":"DK","code":45,"zone":-7},{"ename":"Germany","cname":"\u5fb7\u56fd","domain":"DE","code":49,"zone":-7},{"ename":"Dominica Rep.","cname":"\u591a\u7c73\u5c3c\u52a0\u5171\u548c\u56fd","domain":"DO","code":1890,"zone":-13},{"ename":"Togo","cname":"\u591a\u54e5","domain":"TG","code":228,"zone":-8},{"ename":"Samoa Eastern","cname":"\u4e1c\u8428\u6469\u4e9a(\u7f8e)","domain":"\u3000","code":684,"zone":-19}],"E":[{"ename":"Ecuador","cname":"\u5384\u74dc\u591a\u5c14","domain":"EC","code":593,"zone":-13},{"ename":"Russia","cname":"\u4fc4\u7f57\u65af","domain":"RU","code":7,"zone":-5}],"F":[{"ename":"Fiji","cname":"\u6590\u6d4e","domain":"FJ","code":679,"zone":4},{"ename":"Philippines","cname":"\u83f2\u5f8b\u5bbe","domain":"PH","code":63,"zone":0},{"ename":"Finland","cname":"\u82ac\u5170","domain":"FI","code":358,"zone":-6},{"ename":"France","cname":"\u6cd5\u56fd","domain":"FR","code":33,"zone":-8},{"ename":"French Polynesia","cname":"\u6cd5\u5c5e\u73bb\u5229\u5c3c\u897f\u4e9a","domain":"PF","code":689,"zone":3},{"ename":"French Guiana","cname":"\u6cd5\u5c5e\u572d\u4e9a\u90a3","domain":"GF","code":594,"zone":-12}],"G":[{"ename":"Costa Rica","cname":"\u54e5\u65af\u8fbe\u9ece\u52a0","domain":"CR","code":506,"zone":-14},{"ename":"Colombia","cname":"\u54e5\u4f26\u6bd4\u4e9a","domain":"CO","code":57,"zone":0},{"ename":"Cuba","cname":"\u53e4\u5df4","domain":"CU","code":53,"zone":-13},{"ename":"Congo","cname":"\u521a\u679c","domain":"CG","code":242,"zone":-7},{"ename":"Gambia","cname":"\u5188\u6bd4\u4e9a","domain":"GM","code":220,"zone":-8},{"ename":"Georgia","cname":"\u683c\u9c81\u5409\u4e9a","domain":"GE","code":995,"zone":0},{"ename":"Grenada","cname":"\u683c\u6797\u7eb3\u8fbe","domain":"GD","code":1809,"zone":-14},{"ename":"Guam","cname":"\u5173\u5c9b","domain":"GU","code":1671,"zone":2},{"ename":"Guyana","cname":"\u572d\u4e9a\u90a3","domain":"GY","code":592,"zone":-11}],"H":[{"ename":"Kazakstan","cname":"\u54c8\u8428\u514b\u65af\u5766","domain":"KZ","code":327,"zone":-5},{"ename":"Haiti","cname":"\u6d77\u5730","domain":"HT","code":509,"zone":-13},{"ename":"Honduras","cname":"\u6d2a\u90fd\u62c9\u65af","domain":"HN","code":504,"zone":-14},{"ename":"Netheriands Antilles","cname":"\u8377\u5c5e\u5b89\u7684\u5217\u65af","domain":"\u3000","code":599,"zone":-12},{"ename":"Netherlands","cname":"\u8377\u5170","domain":"NL","code":31,"zone":-7},{"ename":"Korea","cname":"\u97e9\u56fd","domain":"KR","code":82,"zone":1}],"J":[{"ename":"Czech Republic","cname":"\u6377\u514b","domain":"CZ","code":420,"zone":-7},{"ename":"Kyrgyzstan","cname":"\u5409\u5c14\u5409\u65af\u5766","domain":"KG","code":331,"zone":-5},{"ename":"Ghana","cname":"\u52a0\u7eb3","domain":"GH","code":233,"zone":-8},{"ename":"Gabon","cname":"\u52a0\u84ec","domain":"GA","code":241,"zone":-7},{"ename":"Djibouti","cname":"\u5409\u5e03\u63d0","domain":"DJ","code":253,"zone":-5},{"ename":"Zimbabwe","cname":"\u6d25\u5df4\u5e03\u97e6","domain":"ZW","code":263,"zone":-6},{"ename":"Canada","cname":"\u52a0\u62ff\u5927","domain":"CA","code":1,"zone":-13},{"ename":"Guinea","cname":"\u51e0\u5185\u4e9a","domain":"GN","code":224,"zone":-8},{"ename":"Kampuchea (Cambodia )","cname":"\u67ec\u57d4\u5be8","domain":"KH","code":855,"zone":-1}],"K":[{"ename":"Cook Is.","cname":"\u5e93\u514b\u7fa4\u5c9b","domain":"CK","code":682,"zone":-18.3},{"ename":"Cayman Is.","cname":"\u5f00\u66fc\u7fa4\u5c9b","domain":"\u3000","code":1345,"zone":-13},{"ename":"Cameroon","cname":"\u5580\u9ea6\u9686","domain":"CM","code":237,"zone":-7},{"ename":"Qatar","cname":"\u5361\u5854\u5c14","domain":"QA","code":974,"zone":-5},{"ename":"IvoryCoast","cname":"\u79d1\u7279\u8fea\u74e6","domain":"\u3000","code":225,"zone":-6},{"ename":"Kenya","cname":"\u80af\u5c3c\u4e9a","domain":"KE","code":254,"zone":-5},{"ename":"Kuwait","cname":"\u79d1\u5a01\u7279","domain":"KW","code":965,"zone":-5}],"L":[{"ename":"Reunion","cname":"\u7559\u5c3c\u65fa","domain":"\u3000","code":262,"zone":-4},{"ename":"Romania","cname":"\u7f57\u9a6c\u5c3c\u4e9a","domain":"RO","code":40,"zone":-6},{"ename":"Lithuania","cname":"\u7acb\u9676\u5b9b","domain":"LT","code":370,"zone":-5},{"ename":"Laos","cname":"\u8001\u631d","domain":"LA","code":856,"zone":-1},{"ename":"Latvia","cname":"\u62c9\u8131\u7ef4\u4e9a","domain":"LV","code":371,"zone":-5},{"ename":"Lebanon","cname":"\u9ece\u5df4\u5ae9","domain":"LB","code":961,"zone":-6},{"ename":"Lesotho","cname":"\u83b1\u7d22\u6258","domain":"LS","code":266,"zone":-6},{"ename":"Liberia","cname":"\u5229\u6bd4\u91cc\u4e9a","domain":"LR","code":231,"zone":-8},{"ename":"Libya","cname":"\u5229\u6bd4\u4e9a","domain":"LY","code":218,"zone":-6},{"ename":"Liechtenstein","cname":"\u5217\u652f\u6566\u58eb\u767b","domain":"LI","code":423,"zone":-7},{"ename":"Luxembourg","cname":"\u5362\u68ee\u5821","domain":"LU","code":352,"zone":-7}],"M":[{"ename":"United States of America","cname":"\u7f8e\u56fd","domain":"US","code":1,"zone":-13},{"ename":"Peru","cname":"\u79d8\u9c81","domain":"PE","code":51,"zone":-13},{"ename":"Burma","cname":"\u7f05\u7538","domain":"MM","code":95,"zone":-1.3},{"ename":"Madagascar","cname":"\u9a6c\u8fbe\u52a0\u65af\u52a0","domain":"MG","code":261,"zone":-5},{"ename":"Malawi","cname":"\u9a6c\u62c9\u7ef4","domain":"MW","code":265,"zone":-6},{"ename":"Malaysia","cname":"\u9a6c\u6765\u897f\u4e9a","domain":"MY","code":60,"zone":-0.5},{"ename":"Maldives","cname":"\u9a6c\u5c14\u4ee3\u592b","domain":"MV","code":960,"zone":-7},{"ename":"Mali","cname":"\u9a6c\u91cc","domain":"ML","code":223,"zone":-8},{"ename":"Malta","cname":"\u9a6c\u8033\u4ed6","domain":"MT","code":356,"zone":-7},{"ename":"Mariana Is","cname":"\u9a6c\u91cc\u4e9a\u90a3\u7fa4\u5c9b","domain":"\u3000","code":1670,"zone":1},{"ename":"Martinique","cname":"\u9a6c\u63d0\u5c3c\u514b","domain":"\u3000","code":596,"zone":-12},{"ename":"Bangladesh","cname":"\u5b5f\u52a0\u62c9\u56fd","domain":"BD","code":880,"zone":-2},{"ename":"Mauritius","cname":"\u6bdb\u91cc\u6c42\u65af","domain":"MU","code":230,"zone":-4},{"ename":"Mexico","cname":"\u58a8\u897f\u54e5","domain":"MX","code":52,"zone":-15},{"ename":"Moldova, Republic of","cname":"\u6469\u5c14\u591a\u74e6","domain":"MD","code":373,"zone":-5},{"ename":"Monaco","cname":"\u6469\u7eb3\u54e5","domain":"MC","code":377,"zone":-7},{"ename":"Mongolia","cname":"\u8499\u53e4","domain":"MN","code":976,"zone":0},{"ename":"Montserrat Is","cname":"\u8499\u7279\u585e\u62c9\u7279\u5c9b","domain":"MS","code":1664,"zone":-12},{"ename":"Morocco","cname":"\u6469\u6d1b\u54e5","domain":"MA","code":212,"zone":-6},{"ename":"Mozambique","cname":"\u83ab\u6851\u6bd4\u514b","domain":"MZ","code":258,"zone":-6}],"N":[{"ename":"Namibia","cname":"\u7eb3\u7c73\u6bd4\u4e9a","domain":"NA","code":264,"zone":-7},{"ename":"Nauru","cname":"\u7459\u9c81","domain":"NR","code":674,"zone":4},{"ename":"Nepal","cname":"\u5c3c\u6cca\u5c14","domain":"NP","code":977,"zone":-2.3},{"ename":"Yugoslavia","cname":"\u5357\u65af\u62c9\u592b","domain":"YU","code":381,"zone":-7},{"ename":"South Africa","cname":"\u5357\u975e","domain":"ZA","code":27,"zone":-6},{"ename":"Nicaragua","cname":"\u5c3c\u52a0\u62c9\u74dc","domain":"NI","code":505,"zone":-14},{"ename":"Niger","cname":"\u5c3c\u65e5\u5c14","domain":"NE","code":227,"zone":-8},{"ename":"Nigeria","cname":"\u5c3c\u65e5\u5229\u4e9a","domain":"NG","code":234,"zone":-7},{"ename":"Norway","cname":"\u632a\u5a01","domain":"NO","code":47,"zone":-7}],"P":[{"ename":"Portugal","cname":"\u8461\u8404\u7259","domain":"PT","code":351,"zone":-8}],"R":[{"ename":"Japan","cname":"\u65e5\u672c","domain":"JP","code":81,"zone":1},{"ename":"Sweden","cname":"\u745e\u5178","domain":"SE","code":46,"zone":-7},{"ename":"Switzerland","cname":"\u745e\u58eb","domain":"CH","code":41,"zone":-7}],"S":[{"ename":"Cyprus","cname":"\u585e\u6d66\u8def\u65af","domain":"CY","code":357,"zone":-6},{"ename":"EISalvador","cname":"\u8428\u5c14\u74e6\u591a","domain":"SV","code":503,"zone":-14},{"ename":"Saint Lueia","cname":"\u5723\u5362\u897f\u4e9a","domain":"LC","code":1758,"zone":-12},{"ename":"Saint Vincent","cname":"\u5723\u6587\u68ee\u7279\u5c9b","domain":"VC","code":1784,"zone":-12},{"ename":"San Marino","cname":"\u5723\u9a6c\u529b\u8bfa","domain":"SM","code":378,"zone":-7},{"ename":"Sao Tome and Principe","cname":"\u5723\u591a\u7f8e\u548c\u666e\u6797\u897f\u6bd4","domain":"ST","code":239,"zone":-8},{"ename":"Saudi Arabia","cname":"\u6c99\u7279\u963f\u62c9\u4f2f","domain":"SA","code":966,"zone":-5},{"ename":"Senegal","cname":"\u585e\u5185\u52a0\u5c14","domain":"SN","code":221,"zone":-8},{"ename":"Seychelles","cname":"\u585e\u820c\u5c14","domain":"SC","code":248,"zone":-4},{"ename":"Sierra Leone","cname":"\u585e\u62c9\u5229\u6602","domain":"SL","code":232,"zone":-8},{"ename":"Slovakia","cname":"\u65af\u6d1b\u4f10\u514b","domain":"SK","code":421,"zone":-7},{"ename":"Slovenia","cname":"\u65af\u6d1b\u6587\u5c3c\u4e9a","domain":"SI","code":386,"zone":-7},{"ename":"Solomon Is","cname":"\u6240\u7f57\u95e8\u7fa4\u5c9b","domain":"SB","code":677,"zone":3},{"ename":"Somali","cname":"\u7d22\u9a6c\u91cc","domain":"SO","code":252,"zone":-5},{"ename":"Sri Lanka","cname":"\u65af\u91cc\u5170\u5361","domain":"LK","code":94,"zone":0},{"ename":"St.Lucia","cname":"\u5723\u5362\u897f\u4e9a","domain":"LC","code":1758,"zone":-12},{"ename":"St.Vincent","cname":"\u5723\u6587\u68ee\u7279","domain":"VC","code":1784,"zone":-12},{"ename":"Sudan","cname":"\u82cf\u4e39","domain":"SD","code":249,"zone":-6},{"ename":"Suriname","cname":"\u82cf\u91cc\u5357","domain":"SR","code":597,"zone":-11.3},{"ename":"Swaziland","cname":"\u65af\u5a01\u58eb\u5170","domain":"SZ","code":268,"zone":-6}],"T":[{"ename":"Taiwan","cname":"\u53f0\u6e7e\u7701","domain":"TW","code":886,"zone":0},{"ename":"Tajikstan","cname":"\u5854\u5409\u514b\u65af\u5766","domain":"TJ","code":992,"zone":-5},{"ename":"Tanzania","cname":"\u5766\u6851\u5c3c\u4e9a","domain":"TZ","code":255,"zone":-5},{"ename":"Thailand","cname":"\u6cf0\u56fd","domain":"TH","code":66,"zone":-1},{"ename":"Tonga","cname":"\u6c64\u52a0","domain":"TO","code":676,"zone":4},{"ename":"Trinidad and Tobago","cname":"\u7279\u7acb\u5c3c\u8fbe\u548c\u591a\u5df4\u54e5","domain":"TT","code":1809,"zone":-12},{"ename":"Tunisia","cname":"\u7a81\u5c3c\u65af","domain":"TN","code":216,"zone":-7},{"ename":"Turkey","cname":"\u571f\u8033\u5176","domain":"TR","code":90,"zone":-6},{"ename":"Turkmenistan","cname":"\u571f\u5e93\u66fc\u65af\u5766","domain":"TM","code":993,"zone":-5}],"W":[{"ename":"Brunei","cname":"\u6587\u83b1","domain":"BN","code":673,"zone":0},{"ename":"Guatemala","cname":"\u5371\u5730\u9a6c\u62c9","domain":"GT","code":502,"zone":-14},{"ename":"Venezuela","cname":"\u59d4\u5185\u745e\u62c9","domain":"VE","code":58,"zone":-12.3},{"ename":"Uruguay","cname":"\u4e4c\u62c9\u572d","domain":"UY","code":598,"zone":-10.3},{"ename":"Uganda","cname":"\u4e4c\u5e72\u8fbe","domain":"UG","code":256,"zone":-5},{"ename":"Ukraine","cname":"\u4e4c\u514b\u5170","domain":"UA","code":380,"zone":-5},{"ename":"Uzbekistan","cname":"\u4e4c\u5179\u522b\u514b\u65af\u5766","domain":"UZ","code":233,"zone":-5}],"X":[{"ename":"Greece","cname":"\u5e0c\u814a","domain":"GR","code":30,"zone":-6},{"ename":"Spain","cname":"\u897f\u73ed\u7259","domain":"ES","code":34,"zone":-8},{"ename":"Samoa Western","cname":"\u897f\u8428\u6469\u4e9a","domain":"\u3000","code":685,"zone":-19},{"ename":"Hongkong","cname":"\u9999\u6e2f","domain":"HK","code":852,"zone":0},{"ename":"NewZealand","cname":"\u65b0\u897f\u5170","domain":"NZ","code":64,"zone":4},{"ename":"Singapore","cname":"\u65b0\u52a0\u5761","domain":"SG","code":65,"zone":0.3},{"ename":"Hungary","cname":"\u5308\u7259\u5229","domain":"HU","code":36,"zone":-7},{"ename":"Syria","cname":"\u53d9\u5229\u4e9a","domain":"SY","code":963,"zone":-6}],"Y":[{"ename":"Armenia","cname":"\u4e9a\u7f8e\u5c3c\u4e9a","domain":"AM","code":374,"zone":-6},{"ename":"Jamaica","cname":"\u7259\u4e70\u52a0","domain":"JM","code":1876,"zone":-12},{"ename":"United Kiongdom","cname":"\u82f1\u56fd","domain":"GB","code":44,"zone":-8},{"ename":"Vietnam","cname":"\u8d8a\u5357","domain":"VN","code":84,"zone":-1},{"ename":"Yemen","cname":"\u4e5f\u95e8","domain":"YE","code":967,"zone":-5},{"ename":"Jordan","cname":"\u7ea6\u65e6","domain":"JO","code":962,"zone":-6},{"ename":"India","cname":"\u5370\u5ea6","domain":"IN","code":91,"zone":-2.3},{"ename":"Indonesia","cname":"\u5370\u5ea6\u5c3c\u897f\u4e9a","domain":"ID","code":62,"zone":-0.3},{"ename":"Iran","cname":"\u4f0a\u6717","domain":"IR","code":98,"zone":-4.3},{"ename":"Iraq","cname":"\u4f0a\u62c9\u514b","domain":"IQ","code":964,"zone":-5},{"ename":"Israel","cname":"\u4ee5\u8272\u5217","domain":"IL","code":972,"zone":-6},{"ename":"Italy","cname":"\u610f\u5927\u5229","domain":"IT","code":39,"zone":-7}],"Z":[{"ename":"Central African Republic","cname":"\u4e2d\u975e\u5171\u548c\u56fd","domain":"CF","code":236,"zone":-7},{"ename":"Chad","cname":"\u4e4d\u5f97","domain":"TD","code":235,"zone":-7},{"ename":"Chile","cname":"\u667a\u5229","domain":"CL","code":56,"zone":-13},{"ename":"China","cname":"\u4e2d\u56fd","domain":"CN","code":86,"zone":0},{"ename":"Gibraltar","cname":"\u76f4\u5e03\u7f57\u9640","domain":"GI","code":350,"zone":-8},{"ename":"Zaire","cname":"\u624e\u4f0a\u5c14","domain":"ZR","code":243,"zone":-7},{"ename":"Zambia","cname":"\u8d5e\u6bd4\u4e9a","domain":"ZM","code":260,"zone":-6}]}